{
  "getPlpDataArgs": {
    "maxSampleSize": null,
    "washoutPeriod": 0
  },
  "skeletonType": "PatientLevelPredictionStudy",
  "populationSettings": [
    {
      "minTimeAtRisk": 6,
      "requireTimeAtRisk": true,
      "addExposureDaysToStart": false,
      "riskWindowStart": 1,
      "washoutPeriod": 60,
      "attr_class": "populationSettings",
      "addExposureDaysToEnd": false,
      "includeAllOutcomes": false,
      "priorOutcomeLookback": 60,
      "binary": true,
      "removeSubjectsWithPriorOutcome": true,
      "riskWindowEnd": 7,
      "firstExposureOnly": false
    },
    {
      "minTimeAtRisk": 29,
      "requireTimeAtRisk": true,
      "addExposureDaysToStart": false,
      "riskWindowStart": 1,
      "washoutPeriod": 60,
      "attr_class": "populationSettings",
      "addExposureDaysToEnd": false,
      "includeAllOutcomes": false,
      "priorOutcomeLookback": 60,
      "binary": true,
      "removeSubjectsWithPriorOutcome": true,
      "riskWindowEnd": 30,
      "firstExposureOnly": false
    },
    {
      "minTimeAtRisk": 59,
      "requireTimeAtRisk": true,
      "addExposureDaysToStart": false,
      "riskWindowStart": 1,
      "washoutPeriod": 60,
      "attr_class": "populationSettings",
      "addExposureDaysToEnd": false,
      "includeAllOutcomes": false,
      "priorOutcomeLookback": 60,
      "binary": true,
      "removeSubjectsWithPriorOutcome": true,
      "riskWindowEnd": 60,
      "firstExposureOnly": false
    },
    {
      "minTimeAtRisk": 6,
      "requireTimeAtRisk": true,
      "addExposureDaysToStart": false,
      "riskWindowStart": 1,
      "washoutPeriod": 60,
      "attr_class": "populationSettings",
      "addExposureDaysToEnd": false,
      "includeAllOutcomes": false,
      "priorOutcomeLookback": 60,
      "binary": true,
      "removeSubjectsWithPriorOutcome": true,
      "riskWindowEnd": 7,
      "firstExposureOnly": true
    },
    {
      "minTimeAtRisk": 6,
      "requireTimeAtRisk": true,
      "addExposureDaysToStart": false,
      "riskWindowStart": 1,
      "washoutPeriod": 60,
      "attr_class": "populationSettings",
      "addExposureDaysToEnd": false,
      "includeAllOutcomes": false,
      "priorOutcomeLookback": 60,
      "binary": true,
      "removeSubjectsWithPriorOutcome": true,
      "riskWindowEnd": 30,
      "firstExposureOnly": true
    },
    {
      "minTimeAtRisk": 59,
      "requireTimeAtRisk": true,
      "addExposureDaysToStart": false,
      "riskWindowStart": 1,
      "washoutPeriod": 60,
      "attr_class": "populationSettings",
      "addExposureDaysToEnd": false,
      "includeAllOutcomes": false,
      "priorOutcomeLookback": 60,
      "binary": true,
      "removeSubjectsWithPriorOutcome": true,
      "riskWindowEnd": 60,
      "firstExposureOnly": true
    }
  ],
  "organizationName": "OHDSI",
  "targetIds": [1778587],
  "runPlpArgs": {
    "nfold": 5,
    "minCovariateFraction": 0.001,
    "splitSeed": null,
    "testSplit": "person",
    "testFraction": 0.25,
    "normalizeData": true
  },
  "version": "v2.7.0",
  "outcomeIds": [1778584],
  "skeletonVersion": "v0.0.6",
  "conceptSetCrossReference": [],
  "cohortDefinitions": [
    {
      "expression": {
        "ExpressionLimit": {"Type": "All"},
        "CollapseSettings": {
          "CollapseType": "ERA",
          "EraPad": 0
        },
        "CensorWindow": {
          "StartDate": null,
          "EndDate": null
        },
        "ConceptSets": [
          {
            "expression": {"items": [{
              "isExcluded": false,
              "concept": {
                "INVALID_REASON_CAPTION": "Unknown",
                "CONCEPT_ID": 3013721,
                "STANDARD_CONCEPT": "S",
                "CONCEPT_CODE": "1920-8",
                "VOCABULARY_ID": "LOINC",
                "CONCEPT_NAME": "Aspartate aminotransferase [Enzymatic activity/volume] in Serum or Plasma",
                "DOMAIN_ID": "Measurement",
                "STANDARD_CONCEPT_CAPTION": "Standard",
                "CONCEPT_CLASS_ID": "Lab Test",
                "INVALID_REASON": ""
              },
              "includeMapped": false,
              "includeDescendants": false
            }]},
            "name": "AST",
            "id": 3
          },
          {
            "expression": {"items": [{
              "isExcluded": false,
              "concept": {
                "INVALID_REASON_CAPTION": "Unknown",
                "CONCEPT_ID": 3006923,
                "STANDARD_CONCEPT": "S",
                "CONCEPT_CODE": "1742-6",
                "VOCABULARY_ID": "LOINC",
                "CONCEPT_NAME": "Alanine aminotransferase [Enzymatic activity/volume] in Serum or Plasma",
                "DOMAIN_ID": "Measurement",
                "STANDARD_CONCEPT_CAPTION": "Standard",
                "CONCEPT_CLASS_ID": "Lab Test",
                "INVALID_REASON": ""
              },
              "includeMapped": false,
              "includeDescendants": false
            }]},
            "name": "ALT",
            "id": 4
          },
          {
            "expression": {"items": [{
              "isExcluded": false,
              "concept": {
                "INVALID_REASON_CAPTION": "Unknown",
                "CONCEPT_ID": 3024128,
                "STANDARD_CONCEPT": "S",
                "CONCEPT_CODE": "1975-2",
                "VOCABULARY_ID": "LOINC",
                "CONCEPT_NAME": "Bilirubin.total [Mass/volume] in Serum or Plasma",
                "DOMAIN_ID": "Measurement",
                "STANDARD_CONCEPT_CAPTION": "Standard",
                "CONCEPT_CLASS_ID": "Lab Test",
                "INVALID_REASON": ""
              },
              "includeMapped": false,
              "includeDescendants": false
            }]},
            "name": "Total bilirubin",
            "id": 5
          },
          {
            "expression": {"items": [{
              "isExcluded": false,
              "concept": {
                "INVALID_REASON_CAPTION": "Unknown",
                "CONCEPT_ID": 3035995,
                "STANDARD_CONCEPT": "S",
                "CONCEPT_CODE": "6768-6",
                "VOCABULARY_ID": "LOINC",
                "CONCEPT_NAME": "Alkaline phosphatase [Enzymatic activity/volume] in Serum or Plasma",
                "DOMAIN_ID": "Measurement",
                "STANDARD_CONCEPT_CAPTION": "Standard",
                "CONCEPT_CLASS_ID": "Lab Test",
                "INVALID_REASON": ""
              },
              "includeMapped": false,
              "includeDescendants": false
            }]},
            "name": "ALP",
            "id": 6
          }
        ],
        "EndStrategy": {"DateOffset": {
          "DateField": "StartDate",
          "Offset": 7
        }},
        "cdmVersionRange": ">=5.0.0",
        "CensoringCriteria": [],
        "QualifiedLimit": {"Type": "First"},
        "InclusionRules": [],
        "PrimaryCriteria": {
          "CriteriaList": [
            {"Measurement": {
              "Operator": null,
              "RangeHigh": null,
              "MeasurementTypeExclude": false,
              "ValueAsConcept": null,
              "CorrelatedCriteria": null,
              "RangeHighRatio": {
                "Op": "gt",
                "Extent": null,
                "Value": 3
              },
              "CodesetId": 3,
              "ProviderSpecialty": null,
              "Gender": null,
              "Unit": null,
              "RangeLowRatio": null,
              "MeasurementType": null,
              "MeasurementSourceConcept": null,
              "VisitType": null,
              "ValueAsNumber": null,
              "First": null,
              "OccurrenceStartDate": null,
              "RangeLow": null,
              "Abnormal": null,
              "Age": null
            }},
            {"Measurement": {
              "Operator": null,
              "RangeHigh": null,
              "MeasurementTypeExclude": false,
              "ValueAsConcept": null,
              "CorrelatedCriteria": null,
              "RangeHighRatio": {
                "Op": "gt",
                "Extent": null,
                "Value": 3
              },
              "CodesetId": 4,
              "ProviderSpecialty": null,
              "Gender": null,
              "Unit": null,
              "RangeLowRatio": null,
              "MeasurementType": null,
              "MeasurementSourceConcept": null,
              "VisitType": null,
              "ValueAsNumber": null,
              "First": null,
              "OccurrenceStartDate": null,
              "RangeLow": null,
              "Abnormal": null,
              "Age": null
            }},
            {"Measurement": {
              "Operator": null,
              "RangeHigh": null,
              "MeasurementTypeExclude": false,
              "ValueAsConcept": null,
              "CorrelatedCriteria": null,
              "RangeHighRatio": {
                "Op": "gt",
                "Extent": null,
                "Value": 2
              },
              "CodesetId": 6,
              "ProviderSpecialty": null,
              "Gender": null,
              "Unit": null,
              "RangeLowRatio": null,
              "MeasurementType": null,
              "MeasurementSourceConcept": null,
              "VisitType": null,
              "ValueAsNumber": null,
              "First": null,
              "OccurrenceStartDate": null,
              "RangeLow": null,
              "Abnormal": null,
              "Age": null
            }},
            {"Measurement": {
              "Operator": null,
              "RangeHigh": null,
              "MeasurementTypeExclude": false,
              "ValueAsConcept": null,
              "CorrelatedCriteria": null,
              "RangeHighRatio": {
                "Op": "gt",
                "Extent": null,
                "Value": 2
              },
              "CodesetId": 5,
              "ProviderSpecialty": null,
              "Gender": null,
              "Unit": null,
              "RangeLowRatio": null,
              "MeasurementType": null,
              "MeasurementSourceConcept": null,
              "VisitType": null,
              "ValueAsNumber": null,
              "First": null,
              "OccurrenceStartDate": null,
              "RangeLow": null,
              "Abnormal": null,
              "Age": null
            }},
            {"Measurement": {
              "Operator": null,
              "RangeHigh": null,
              "MeasurementTypeExclude": false,
              "ValueAsConcept": null,
              "CorrelatedCriteria": null,
              "RangeHighRatio": null,
              "CodesetId": 3,
              "ProviderSpecialty": null,
              "Gender": null,
              "Unit": null,
              "RangeLowRatio": null,
              "MeasurementType": null,
              "MeasurementSourceConcept": null,
              "VisitType": null,
              "ValueAsNumber": {
                "Op": "gt",
                "Extent": null,
                "Value": 200
              },
              "First": null,
              "OccurrenceStartDate": null,
              "RangeLow": null,
              "Abnormal": null,
              "Age": null
            }},
            {"Measurement": {
              "Operator": null,
              "RangeHigh": null,
              "MeasurementTypeExclude": false,
              "ValueAsConcept": null,
              "CorrelatedCriteria": null,
              "RangeHighRatio": null,
              "CodesetId": 4,
              "ProviderSpecialty": null,
              "Gender": null,
              "Unit": null,
              "RangeLowRatio": null,
              "MeasurementType": null,
              "MeasurementSourceConcept": null,
              "VisitType": null,
              "ValueAsNumber": {
                "Op": "gt",
                "Extent": null,
                "Value": 200
              },
              "First": null,
              "OccurrenceStartDate": null,
              "RangeLow": null,
              "Abnormal": null,
              "Age": null
            }}
          ],
          "PrimaryCriteriaLimit": {"Type": "All"},
          "ObservationWindow": {
            "PostDays": 0,
            "PriorDays": 0
          }
        }
      },
      "createdDate": null,
      "createdBy": null,
      "name": "[MOA]Abnormal_LFT",
      "modifiedDate": null,
      "description": null,
      "expressionType": "SIMPLE_EXPRESSION",
      "modifiedBy": null,
      "id": 1778584
    },
    {
      "expression": {
        "ExpressionLimit": {"Type": "All"},
        "CollapseSettings": {
          "CollapseType": "ERA",
          "EraPad": 0
        },
        "CensorWindow": {
          "StartDate": null,
          "EndDate": null
        },
        "ConceptSets": [
          {
            "expression": {"items": [{
              "isExcluded": false,
              "concept": {
                "INVALID_REASON_CAPTION": "Unknown",
                "CONCEPT_ID": 3013721,
                "STANDARD_CONCEPT": "S",
                "CONCEPT_CODE": "1920-8",
                "VOCABULARY_ID": "LOINC",
                "CONCEPT_NAME": "Aspartate aminotransferase [Enzymatic activity/volume] in Serum or Plasma",
                "DOMAIN_ID": "Measurement",
                "STANDARD_CONCEPT_CAPTION": "Standard",
                "CONCEPT_CLASS_ID": "Lab Test",
                "INVALID_REASON": ""
              },
              "includeMapped": false,
              "includeDescendants": false
            }]},
            "name": "AST",
            "id": 3
          },
          {
            "expression": {"items": [{
              "isExcluded": false,
              "concept": {
                "INVALID_REASON_CAPTION": "Unknown",
                "CONCEPT_ID": 3006923,
                "STANDARD_CONCEPT": "S",
                "CONCEPT_CODE": "1742-6",
                "VOCABULARY_ID": "LOINC",
                "CONCEPT_NAME": "Alanine aminotransferase [Enzymatic activity/volume] in Serum or Plasma",
                "DOMAIN_ID": "Measurement",
                "STANDARD_CONCEPT_CAPTION": "Standard",
                "CONCEPT_CLASS_ID": "Lab Test",
                "INVALID_REASON": ""
              },
              "includeMapped": false,
              "includeDescendants": false
            }]},
            "name": "ALT",
            "id": 4
          },
          {
            "expression": {"items": [{
              "isExcluded": false,
              "concept": {
                "INVALID_REASON_CAPTION": "Unknown",
                "CONCEPT_ID": 3024128,
                "STANDARD_CONCEPT": "S",
                "CONCEPT_CODE": "1975-2",
                "VOCABULARY_ID": "LOINC",
                "CONCEPT_NAME": "Bilirubin.total [Mass/volume] in Serum or Plasma",
                "DOMAIN_ID": "Measurement",
                "STANDARD_CONCEPT_CAPTION": "Standard",
                "CONCEPT_CLASS_ID": "Lab Test",
                "INVALID_REASON": ""
              },
              "includeMapped": false,
              "includeDescendants": false
            }]},
            "name": "Total bilirubin",
            "id": 5
          },
          {
            "expression": {"items": [{
              "isExcluded": false,
              "concept": {
                "INVALID_REASON_CAPTION": "Unknown",
                "CONCEPT_ID": 3035995,
                "STANDARD_CONCEPT": "S",
                "CONCEPT_CODE": "6768-6",
                "VOCABULARY_ID": "LOINC",
                "CONCEPT_NAME": "Alkaline phosphatase [Enzymatic activity/volume] in Serum or Plasma",
                "DOMAIN_ID": "Measurement",
                "STANDARD_CONCEPT_CAPTION": "Standard",
                "CONCEPT_CLASS_ID": "Lab Test",
                "INVALID_REASON": ""
              },
              "includeMapped": false,
              "includeDescendants": false
            }]},
            "name": "ALP",
            "id": 6
          },
          {
            "expression": {"items": [{
              "isExcluded": false,
              "concept": {
                "INVALID_REASON_CAPTION": "Unknown",
                "CONCEPT_ID": 1125315,
                "STANDARD_CONCEPT": "S",
                "CONCEPT_CODE": "161",
                "VOCABULARY_ID": "RxNorm",
                "CONCEPT_NAME": "acetaminophen",
                "DOMAIN_ID": "Drug",
                "STANDARD_CONCEPT_CAPTION": "Standard",
                "CONCEPT_CLASS_ID": "Ingredient",
                "INVALID_REASON": ""
              },
              "includeMapped": false,
              "includeDescendants": false
            }]},
            "name": "acetaminophen",
            "id": 7
          }
        ],
        "EndStrategy": {"DateOffset": {
          "DateField": "StartDate",
          "Offset": 7
        }},
        "cdmVersionRange": ">=5.0.0",
        "CensoringCriteria": [],
        "QualifiedLimit": {"Type": "First"},
        "InclusionRules": [
          {
            "expression": {
              "CriteriaList": [
                {
                  "RestrictVisit": false,
                  "StartWindow": {
                    "UseEventEnd": false,
                    "Start": {
                      "Days": 60,
                      "Coeff": -1
                    },
                    "End": {
                      "Days": 0,
                      "Coeff": 1
                    },
                    "UseIndexEnd": false
                  },
                  "IgnoreObservationPeriod": false,
                  "EndWindow": null,
                  "Criteria": {"Measurement": {
                    "Operator": null,
                    "RangeHigh": null,
                    "MeasurementTypeExclude": false,
                    "ValueAsConcept": null,
                    "CorrelatedCriteria": null,
                    "RangeHighRatio": null,
                    "CodesetId": 3,
                    "ProviderSpecialty": null,
                    "Gender": null,
                    "Unit": null,
                    "RangeLowRatio": null,
                    "MeasurementType": null,
                    "MeasurementSourceConcept": null,
                    "VisitType": null,
                    "ValueAsNumber": null,
                    "First": null,
                    "OccurrenceStartDate": null,
                    "RangeLow": null,
                    "Abnormal": null,
                    "Age": null
                  }},
                  "Occurrence": {
                    "Type": 2,
                    "CountColumn": null,
                    "IsDistinct": false,
                    "Count": 1
                  }
                },
                {
                  "RestrictVisit": false,
                  "StartWindow": {
                    "UseEventEnd": false,
                    "Start": {
                      "Days": 60,
                      "Coeff": -1
                    },
                    "End": {
                      "Days": 0,
                      "Coeff": 1
                    },
                    "UseIndexEnd": false
                  },
                  "IgnoreObservationPeriod": false,
                  "EndWindow": null,
                  "Criteria": {"Measurement": {
                    "Operator": null,
                    "RangeHigh": null,
                    "MeasurementTypeExclude": false,
                    "ValueAsConcept": null,
                    "CorrelatedCriteria": null,
                    "RangeHighRatio": null,
                    "CodesetId": 4,
                    "ProviderSpecialty": null,
                    "Gender": null,
                    "Unit": null,
                    "RangeLowRatio": null,
                    "MeasurementType": null,
                    "MeasurementSourceConcept": null,
                    "VisitType": null,
                    "ValueAsNumber": null,
                    "First": null,
                    "OccurrenceStartDate": null,
                    "RangeLow": null,
                    "Abnormal": null,
                    "Age": null
                  }},
                  "Occurrence": {
                    "Type": 2,
                    "CountColumn": null,
                    "IsDistinct": false,
                    "Count": 1
                  }
                },
                {
                  "RestrictVisit": false,
                  "StartWindow": {
                    "UseEventEnd": false,
                    "Start": {
                      "Days": 60,
                      "Coeff": -1
                    },
                    "End": {
                      "Days": 0,
                      "Coeff": 1
                    },
                    "UseIndexEnd": false
                  },
                  "IgnoreObservationPeriod": false,
                  "EndWindow": null,
                  "Criteria": {"Measurement": {
                    "Operator": null,
                    "RangeHigh": null,
                    "MeasurementTypeExclude": false,
                    "ValueAsConcept": null,
                    "CorrelatedCriteria": null,
                    "RangeHighRatio": null,
                    "CodesetId": 5,
                    "ProviderSpecialty": null,
                    "Gender": null,
                    "Unit": null,
                    "RangeLowRatio": null,
                    "MeasurementType": null,
                    "MeasurementSourceConcept": null,
                    "VisitType": null,
                    "ValueAsNumber": null,
                    "First": null,
                    "OccurrenceStartDate": null,
                    "RangeLow": null,
                    "Abnormal": null,
                    "Age": null
                  }},
                  "Occurrence": {
                    "Type": 2,
                    "CountColumn": null,
                    "IsDistinct": false,
                    "Count": 1
                  }
                },
                {
                  "RestrictVisit": false,
                  "StartWindow": {
                    "UseEventEnd": false,
                    "Start": {
                      "Days": 60,
                      "Coeff": -1
                    },
                    "End": {
                      "Days": 0,
                      "Coeff": 1
                    },
                    "UseIndexEnd": false
                  },
                  "IgnoreObservationPeriod": false,
                  "EndWindow": null,
                  "Criteria": {"Measurement": {
                    "Operator": null,
                    "RangeHigh": null,
                    "MeasurementTypeExclude": false,
                    "ValueAsConcept": null,
                    "CorrelatedCriteria": null,
                    "RangeHighRatio": null,
                    "CodesetId": 6,
                    "ProviderSpecialty": null,
                    "Gender": null,
                    "Unit": null,
                    "RangeLowRatio": null,
                    "MeasurementType": null,
                    "MeasurementSourceConcept": null,
                    "VisitType": null,
                    "ValueAsNumber": null,
                    "First": null,
                    "OccurrenceStartDate": null,
                    "RangeLow": null,
                    "Abnormal": null,
                    "Age": null
                  }},
                  "Occurrence": {
                    "Type": 2,
                    "CountColumn": null,
                    "IsDistinct": false,
                    "Count": 1
                  }
                }
              ],
              "Type": "AT_LEAST",
              "DemographicCriteriaList": [],
              "Groups": [],
              "Count": 2
            },
            "name": "Previous liver function test measures",
            "description": null
          },
          {
            "expression": {
              "CriteriaList": [
                {
                  "RestrictVisit": false,
                  "StartWindow": {
                    "UseEventEnd": false,
                    "Start": {
                      "Days": 60,
                      "Coeff": -1
                    },
                    "End": {
                      "Days": 0,
                      "Coeff": 1
                    },
                    "UseIndexEnd": false
                  },
                  "IgnoreObservationPeriod": false,
                  "EndWindow": null,
                  "Criteria": {"Measurement": {
                    "Operator": null,
                    "RangeHigh": null,
                    "MeasurementTypeExclude": false,
                    "ValueAsConcept": null,
                    "CorrelatedCriteria": null,
                    "RangeHighRatio": {
                      "Op": "gt",
                      "Extent": null,
                      "Value": 1
                    },
                    "CodesetId": 3,
                    "ProviderSpecialty": null,
                    "Gender": null,
                    "Unit": null,
                    "RangeLowRatio": null,
                    "MeasurementType": null,
                    "MeasurementSourceConcept": null,
                    "VisitType": null,
                    "ValueAsNumber": null,
                    "First": null,
                    "OccurrenceStartDate": null,
                    "RangeLow": null,
                    "Abnormal": null,
                    "Age": null
                  }},
                  "Occurrence": {
                    "Type": 1,
                    "CountColumn": null,
                    "IsDistinct": false,
                    "Count": 0
                  }
                },
                {
                  "RestrictVisit": false,
                  "StartWindow": {
                    "UseEventEnd": false,
                    "Start": {
                      "Days": 60,
                      "Coeff": -1
                    },
                    "End": {
                      "Days": 0,
                      "Coeff": 1
                    },
                    "UseIndexEnd": false
                  },
                  "IgnoreObservationPeriod": false,
                  "EndWindow": null,
                  "Criteria": {"Measurement": {
                    "Operator": null,
                    "RangeHigh": null,
                    "MeasurementTypeExclude": false,
                    "ValueAsConcept": null,
                    "CorrelatedCriteria": null,
                    "RangeHighRatio": {
                      "Op": "gt",
                      "Extent": null,
                      "Value": 1
                    },
                    "CodesetId": 4,
                    "ProviderSpecialty": null,
                    "Gender": null,
                    "Unit": null,
                    "RangeLowRatio": null,
                    "MeasurementType": null,
                    "MeasurementSourceConcept": null,
                    "VisitType": null,
                    "ValueAsNumber": null,
                    "First": null,
                    "OccurrenceStartDate": null,
                    "RangeLow": null,
                    "Abnormal": null,
                    "Age": null
                  }},
                  "Occurrence": {
                    "Type": 1,
                    "CountColumn": null,
                    "IsDistinct": false,
                    "Count": 0
                  }
                },
                {
                  "RestrictVisit": false,
                  "StartWindow": {
                    "UseEventEnd": false,
                    "Start": {
                      "Days": 60,
                      "Coeff": -1
                    },
                    "End": {
                      "Days": 0,
                      "Coeff": 1
                    },
                    "UseIndexEnd": false
                  },
                  "IgnoreObservationPeriod": false,
                  "EndWindow": null,
                  "Criteria": {"Measurement": {
                    "Operator": null,
                    "RangeHigh": null,
                    "MeasurementTypeExclude": false,
                    "ValueAsConcept": null,
                    "CorrelatedCriteria": null,
                    "RangeHighRatio": {
                      "Op": "gt",
                      "Extent": null,
                      "Value": 1
                    },
                    "CodesetId": 6,
                    "ProviderSpecialty": null,
                    "Gender": null,
                    "Unit": null,
                    "RangeLowRatio": null,
                    "MeasurementType": null,
                    "MeasurementSourceConcept": null,
                    "VisitType": null,
                    "ValueAsNumber": null,
                    "First": null,
                    "OccurrenceStartDate": null,
                    "RangeLow": null,
                    "Abnormal": null,
                    "Age": null
                  }},
                  "Occurrence": {
                    "Type": 1,
                    "CountColumn": null,
                    "IsDistinct": false,
                    "Count": 0
                  }
                },
                {
                  "RestrictVisit": false,
                  "StartWindow": {
                    "UseEventEnd": false,
                    "Start": {
                      "Days": 60,
                      "Coeff": -1
                    },
                    "End": {
                      "Days": 0,
                      "Coeff": 1
                    },
                    "UseIndexEnd": false
                  },
                  "IgnoreObservationPeriod": false,
                  "EndWindow": null,
                  "Criteria": {"Measurement": {
                    "Operator": null,
                    "RangeHigh": null,
                    "MeasurementTypeExclude": false,
                    "ValueAsConcept": null,
                    "CorrelatedCriteria": null,
                    "RangeHighRatio": {
                      "Op": "gt",
                      "Extent": null,
                      "Value": 1
                    },
                    "CodesetId": 5,
                    "ProviderSpecialty": null,
                    "Gender": null,
                    "Unit": null,
                    "RangeLowRatio": null,
                    "MeasurementType": null,
                    "MeasurementSourceConcept": null,
                    "VisitType": null,
                    "ValueAsNumber": null,
                    "First": null,
                    "OccurrenceStartDate": null,
                    "RangeLow": null,
                    "Abnormal": null,
                    "Age": null
                  }},
                  "Occurrence": {
                    "Type": 1,
                    "CountColumn": null,
                    "IsDistinct": false,
                    "Count": 0
                  }
                }
              ],
              "Type": "ALL",
              "DemographicCriteriaList": [],
              "Groups": [],
              "Count": null
            },
            "name": "Without abnormal LFT",
            "description": null
          }
        ],
        "PrimaryCriteria": {
          "CriteriaList": [{"DrugEra": {
            "EraStartDate": null,
            "CorrelatedCriteria": null,
            "OccurrenceCount": null,
            "AgeAtStart": null,
            "GapDays": null,
            "CodesetId": 7,
            "AgeAtEnd": null,
            "First": null,
            "Gender": null,
            "EraLength": null,
            "EraEndDate": null
          }}],
          "PrimaryCriteriaLimit": {"Type": "All"},
          "ObservationWindow": {
            "PostDays": 0,
            "PriorDays": 60
          }
        }
      },
      "createdDate": null,
      "createdBy": null,
      "name": "[MOA]normal_LFT_acetaminophen",
      "modifiedDate": null,
      "description": null,
      "expressionType": "SIMPLE_EXPRESSION",
      "modifiedBy": null,
      "id": 1778587
    }
  ],
  "modelSettings": [
    {"LassoLogisticRegressionSettings": {
      "seed": null,
      "variance": 0.01
    }},
    {"GradientBoostingMachineSettings": {
      "maxDepth": [
        4,
        6,
        17
      ],
      "minRows": [20],
      "seed": null,
      "nthread": 20,
      "ntrees": [
        10,
        100
      ],
      "learnRate": [
        0.01,
        0.1
      ]
    }}
  ],
  "name": "[MOA]Prediction of ALI among patients using drug",
  "covariateSettings": [{
    "VisitCountMediumTerm": false,
    "ObservationShortTerm": true,
    "shortTermStartDays": -30,
    "MeasurementRangeGroupShortTerm": true,
    "ConditionOccurrenceLongTerm": false,
    "DrugEraStartLongTerm": false,
    "VisitCountShortTerm": false,
    "Chads2Vasc": false,
    "ConditionGroupEraStartLongTerm": false,
    "ConditionEraShortTerm": false,
    "Dcsi": false,
    "DrugGroupEraLongTerm": true,
    "DrugGroupEraShortTerm": true,
    "ConditionEraStartLongTerm": false,
    "temporal": false,
    "DemographicsIndexMonth": true,
    "ConditionOccurrencePrimaryInpatientLongTerm": false,
    "ConditionEraAnyTimePrior": false,
    "addDescendantsToInclude": false,
    "ConditionGroupEraStartMediumTerm": false,
    "ProcedureOccurrenceLongTerm": true,
    "DrugExposureLongTerm": false,
    "DrugEraStartShortTerm": false,
    "DistinctIngredientCountMediumTerm": false,
    "DistinctMeasurementCountShortTerm": false,
    "MeasurementRangeGroupLongTerm": true,
    "ConditionGroupEraOverlapping": false,
    "attr_fun": "getDbDefaultCovariateData",
    "MeasurementRangeGroupMediumTerm": false,
    "DrugGroupEraStartMediumTerm": false,
    "MeasurementAnyTimePrior": false,
    "MeasurementMediumTerm": false,
    "includedCovariateIds": [],
    "ConditionOccurrenceAnyTimePrior": false,
    "DistinctConditionCountLongTerm": false,
    "MeasurementValueLongTerm": false,
    "DrugEraShortTerm": false,
    "DrugGroupEraAnyTimePrior": false,
    "DrugEraOverlapping": false,
    "ConditionOccurrencePrimaryInpatientAnyTimePrior": false,
    "ConditionEraMediumTerm": false,
    "ConditionEraOverlapping": false,
    "ConditionEraStartShortTerm": false,
    "ObservationAnyTimePrior": false,
    "VisitConceptCountShortTerm": false,
    "DemographicsEthnicity": true,
    "DistinctIngredientCountLongTerm": false,
    "ConditionOccurrencePrimaryInpatientShortTerm": false,
    "DemographicsAgeGroup": true,
    "DistinctProcedureCountShortTerm": false,
    "DistinctObservationCountMediumTerm": false,
    "includedCovariateConceptIds": [],
    "DrugGroupEraStartShortTerm": false,
    "addDescendantsToExclude": false,
    "DrugEraLongTerm": false,
    "DistinctConditionCountShortTerm": false,
    "ConditionGroupEraShortTerm": true,
    "ConditionEraStartMediumTerm": false,
    "VisitCountLongTerm": false,
    "DemographicsRace": true,
    "ProcedureOccurrenceAnyTimePrior": false,
    "DistinctObservationCountLongTerm": false,
    "attr_class": "covariateSettings",
    "ProcedureOccurrenceMediumTerm": false,
    "CharlsonIndex": false,
    "DemographicsPriorObservationTime": false,
    "MeasurementShortTerm": true,
    "DistinctProcedureCountMediumTerm": false,
    "ConditionEraLongTerm": false,
    "DrugGroupEraStartLongTerm": false,
    "DemographicsGender": true,
    "DeviceExposureAnyTimePrior": false,
    "ObservationLongTerm": true,
    "DemographicsIndexYearMonth": false,
    "ConditionOccurrenceMediumTerm": false,
    "longTermStartDays": -365,
    "DemographicsAge": false,
    "DrugGroupEraOverlapping": true,
    "DistinctMeasurementCountLongTerm": false,
    "MeasurementRangeGroupAnyTimePrior": false,
    "DistinctConditionCountMediumTerm": false,
    "DrugGroupEraMediumTerm": false,
    "ProcedureOccurrenceShortTerm": true,
    "ObservationMediumTerm": false,
    "ConditionGroupEraAnyTimePrior": false,
    "Chads2": false,
    "DrugExposureAnyTimePrior": false,
    "DeviceExposureLongTerm": true,
    "DemographicsTimeInCohort": false,
    "DistinctMeasurementCountMediumTerm": false,
    "MeasurementValueShortTerm": true,
    "DeviceExposureMediumTerm": false,
    "ConditionGroupEraStartShortTerm": false,
    "ConditionOccurrencePrimaryInpatientMediumTerm": false,
    "MeasurementLongTerm": true,
    "DemographicsIndexYear": false,
    "MeasurementValueMediumTerm": false,
    "DrugEraStartMediumTerm": false,
    "MeasurementValueAnyTimePrior": false,
    "DistinctObservationCountShortTerm": false,
    "DrugEraMediumTerm": false,
    "ConditionGroupEraLongTerm": true,
    "DrugExposureShortTerm": false,
    "DistinctIngredientCountShortTerm": false,
    "DeviceExposureShortTerm": true,
    "mediumTermStartDays": -180,
    "DemographicsPostObservationTime": false,
    "VisitConceptCountLongTerm": false,
    "VisitConceptCountMediumTerm": false,
    "excludedCovariateConceptIds": [],
    "ConditionGroupEraMediumTerm": false,
    "DrugExposureMediumTerm": false,
    "DistinctProcedureCountLongTerm": false,
    "DrugEraAnyTimePrior": false,
    "endDays": 0,
    "ConditionOccurrenceShortTerm": false
  }],
  "conceptSets": [],
  "id": 303,
  "packageName": "PredDrugInducedLiverInjury"
}