{
  "ExpressionLimit": {"Type": "All"},
  "CollapseSettings": {
    "CollapseType": "ERA",
    "EraPad": 0
  },
  "CensorWindow": {
    "StartDate": null,
    "EndDate": null
  },
  "ConceptSets": [
    {
      "expression": {"items": [{
        "isExcluded": false,
        "concept": {
          "INVALID_REASON_CAPTION": "Unknown",
          "CONCEPT_ID": 3013721,
          "STANDARD_CONCEPT": "S",
          "CONCEPT_CODE": "1920-8",
          "VOCABULARY_ID": "LOINC",
          "CONCEPT_NAME": "Aspartate aminotransferase [Enzymatic activity/volume] in Serum or Plasma",
          "DOMAIN_ID": "Measurement",
          "STANDARD_CONCEPT_CAPTION": "Standard",
          "CONCEPT_CLASS_ID": "Lab Test",
          "INVALID_REASON": ""
        },
        "includeMapped": false,
        "includeDescendants": false
      }]},
      "name": "AST",
      "id": 3
    },
    {
      "expression": {"items": [{
        "isExcluded": false,
        "concept": {
          "INVALID_REASON_CAPTION": "Unknown",
          "CONCEPT_ID": 3006923,
          "STANDARD_CONCEPT": "S",
          "CONCEPT_CODE": "1742-6",
          "VOCABULARY_ID": "LOINC",
          "CONCEPT_NAME": "Alanine aminotransferase [Enzymatic activity/volume] in Serum or Plasma",
          "DOMAIN_ID": "Measurement",
          "STANDARD_CONCEPT_CAPTION": "Standard",
          "CONCEPT_CLASS_ID": "Lab Test",
          "INVALID_REASON": ""
        },
        "includeMapped": false,
        "includeDescendants": false
      }]},
      "name": "ALT",
      "id": 4
    },
    {
      "expression": {"items": [{
        "isExcluded": false,
        "concept": {
          "INVALID_REASON_CAPTION": "Unknown",
          "CONCEPT_ID": 3024128,
          "STANDARD_CONCEPT": "S",
          "CONCEPT_CODE": "1975-2",
          "VOCABULARY_ID": "LOINC",
          "CONCEPT_NAME": "Bilirubin.total [Mass/volume] in Serum or Plasma",
          "DOMAIN_ID": "Measurement",
          "STANDARD_CONCEPT_CAPTION": "Standard",
          "CONCEPT_CLASS_ID": "Lab Test",
          "INVALID_REASON": ""
        },
        "includeMapped": false,
        "includeDescendants": false
      }]},
      "name": "Total bilirubin",
      "id": 5
    },
    {
      "expression": {"items": [{
        "isExcluded": false,
        "concept": {
          "INVALID_REASON_CAPTION": "Unknown",
          "CONCEPT_ID": 3035995,
          "STANDARD_CONCEPT": "S",
          "CONCEPT_CODE": "6768-6",
          "VOCABULARY_ID": "LOINC",
          "CONCEPT_NAME": "Alkaline phosphatase [Enzymatic activity/volume] in Serum or Plasma",
          "DOMAIN_ID": "Measurement",
          "STANDARD_CONCEPT_CAPTION": "Standard",
          "CONCEPT_CLASS_ID": "Lab Test",
          "INVALID_REASON": ""
        },
        "includeMapped": false,
        "includeDescendants": false
      }]},
      "name": "ALP",
      "id": 6
    }
  ],
  "EndStrategy": {"DateOffset": {
    "DateField": "StartDate",
    "Offset": 7
  }},
  "cdmVersionRange": ">=5.0.0",
  "CensoringCriteria": [],
  "QualifiedLimit": {"Type": "First"},
  "InclusionRules": [],
  "PrimaryCriteria": {
    "CriteriaList": [
      {"Measurement": {
        "Operator": null,
        "RangeHigh": null,
        "MeasurementTypeExclude": false,
        "ValueAsConcept": null,
        "CorrelatedCriteria": null,
        "RangeHighRatio": {
          "Op": "gt",
          "Extent": null,
          "Value": 3
        },
        "CodesetId": 3,
        "ProviderSpecialty": null,
        "Gender": null,
        "Unit": null,
        "RangeLowRatio": null,
        "MeasurementType": null,
        "MeasurementSourceConcept": null,
        "VisitType": null,
        "ValueAsNumber": null,
        "First": null,
        "OccurrenceStartDate": null,
        "RangeLow": null,
        "Abnormal": null,
        "Age": null
      }},
      {"Measurement": {
        "Operator": null,
        "RangeHigh": null,
        "MeasurementTypeExclude": false,
        "ValueAsConcept": null,
        "CorrelatedCriteria": null,
        "RangeHighRatio": {
          "Op": "gt",
          "Extent": null,
          "Value": 3
        },
        "CodesetId": 4,
        "ProviderSpecialty": null,
        "Gender": null,
        "Unit": null,
        "RangeLowRatio": null,
        "MeasurementType": null,
        "MeasurementSourceConcept": null,
        "VisitType": null,
        "ValueAsNumber": null,
        "First": null,
        "OccurrenceStartDate": null,
        "RangeLow": null,
        "Abnormal": null,
        "Age": null
      }},
      {"Measurement": {
        "Operator": null,
        "RangeHigh": null,
        "MeasurementTypeExclude": false,
        "ValueAsConcept": null,
        "CorrelatedCriteria": null,
        "RangeHighRatio": {
          "Op": "gt",
          "Extent": null,
          "Value": 2
        },
        "CodesetId": 6,
        "ProviderSpecialty": null,
        "Gender": null,
        "Unit": null,
        "RangeLowRatio": null,
        "MeasurementType": null,
        "MeasurementSourceConcept": null,
        "VisitType": null,
        "ValueAsNumber": null,
        "First": null,
        "OccurrenceStartDate": null,
        "RangeLow": null,
        "Abnormal": null,
        "Age": null
      }},
      {"Measurement": {
        "Operator": null,
        "RangeHigh": null,
        "MeasurementTypeExclude": false,
        "ValueAsConcept": null,
        "CorrelatedCriteria": null,
        "RangeHighRatio": {
          "Op": "gt",
          "Extent": null,
          "Value": 2
        },
        "CodesetId": 5,
        "ProviderSpecialty": null,
        "Gender": null,
        "Unit": null,
        "RangeLowRatio": null,
        "MeasurementType": null,
        "MeasurementSourceConcept": null,
        "VisitType": null,
        "ValueAsNumber": null,
        "First": null,
        "OccurrenceStartDate": null,
        "RangeLow": null,
        "Abnormal": null,
        "Age": null
      }},
      {"Measurement": {
        "Operator": null,
        "RangeHigh": null,
        "MeasurementTypeExclude": false,
        "ValueAsConcept": null,
        "CorrelatedCriteria": null,
        "RangeHighRatio": null,
        "CodesetId": 3,
        "ProviderSpecialty": null,
        "Gender": null,
        "Unit": null,
        "RangeLowRatio": null,
        "MeasurementType": null,
        "MeasurementSourceConcept": null,
        "VisitType": null,
        "ValueAsNumber": {
          "Op": "gt",
          "Extent": null,
          "Value": 200
        },
        "First": null,
        "OccurrenceStartDate": null,
        "RangeLow": null,
        "Abnormal": null,
        "Age": null
      }},
      {"Measurement": {
        "Operator": null,
        "RangeHigh": null,
        "MeasurementTypeExclude": false,
        "ValueAsConcept": null,
        "CorrelatedCriteria": null,
        "RangeHighRatio": null,
        "CodesetId": 4,
        "ProviderSpecialty": null,
        "Gender": null,
        "Unit": null,
        "RangeLowRatio": null,
        "MeasurementType": null,
        "MeasurementSourceConcept": null,
        "VisitType": null,
        "ValueAsNumber": {
          "Op": "gt",
          "Extent": null,
          "Value": 200
        },
        "First": null,
        "OccurrenceStartDate": null,
        "RangeLow": null,
        "Abnormal": null,
        "Age": null
      }}
    ],
    "PrimaryCriteriaLimit": {"Type": "All"},
    "ObservationWindow": {
      "PostDays": 0,
      "PriorDays": 0
    }
  }
}