{
  "ExpressionLimit": {"Type": "All"},
  "CollapseSettings": {
    "CollapseType": "ERA",
    "EraPad": 0
  },
  "CensorWindow": {
    "StartDate": null,
    "EndDate": null
  },
  "ConceptSets": [
    {
      "expression": {"items": [{
        "isExcluded": false,
        "concept": {
          "INVALID_REASON_CAPTION": "Unknown",
          "CONCEPT_ID": 3013721,
          "STANDARD_CONCEPT": "S",
          "CONCEPT_CODE": "1920-8",
          "VOCABULARY_ID": "LOINC",
          "CONCEPT_NAME": "Aspartate aminotransferase [Enzymatic activity/volume] in Serum or Plasma",
          "DOMAIN_ID": "Measurement",
          "STANDARD_CONCEPT_CAPTION": "Standard",
          "CONCEPT_CLASS_ID": "Lab Test",
          "INVALID_REASON": ""
        },
        "includeMapped": false,
        "includeDescendants": false
      }]},
      "name": "AST",
      "id": 3
    },
    {
      "expression": {"items": [{
        "isExcluded": false,
        "concept": {
          "INVALID_REASON_CAPTION": "Unknown",
          "CONCEPT_ID": 3006923,
          "STANDARD_CONCEPT": "S",
          "CONCEPT_CODE": "1742-6",
          "VOCABULARY_ID": "LOINC",
          "CONCEPT_NAME": "Alanine aminotransferase [Enzymatic activity/volume] in Serum or Plasma",
          "DOMAIN_ID": "Measurement",
          "STANDARD_CONCEPT_CAPTION": "Standard",
          "CONCEPT_CLASS_ID": "Lab Test",
          "INVALID_REASON": ""
        },
        "includeMapped": false,
        "includeDescendants": false
      }]},
      "name": "ALT",
      "id": 4
    },
    {
      "expression": {"items": [{
        "isExcluded": false,
        "concept": {
          "INVALID_REASON_CAPTION": "Unknown",
          "CONCEPT_ID": 3024128,
          "STANDARD_CONCEPT": "S",
          "CONCEPT_CODE": "1975-2",
          "VOCABULARY_ID": "LOINC",
          "CONCEPT_NAME": "Bilirubin.total [Mass/volume] in Serum or Plasma",
          "DOMAIN_ID": "Measurement",
          "STANDARD_CONCEPT_CAPTION": "Standard",
          "CONCEPT_CLASS_ID": "Lab Test",
          "INVALID_REASON": ""
        },
        "includeMapped": false,
        "includeDescendants": false
      }]},
      "name": "Total bilirubin",
      "id": 5
    },
    {
      "expression": {"items": [{
        "isExcluded": false,
        "concept": {
          "INVALID_REASON_CAPTION": "Unknown",
          "CONCEPT_ID": 3035995,
          "STANDARD_CONCEPT": "S",
          "CONCEPT_CODE": "6768-6",
          "VOCABULARY_ID": "LOINC",
          "CONCEPT_NAME": "Alkaline phosphatase [Enzymatic activity/volume] in Serum or Plasma",
          "DOMAIN_ID": "Measurement",
          "STANDARD_CONCEPT_CAPTION": "Standard",
          "CONCEPT_CLASS_ID": "Lab Test",
          "INVALID_REASON": ""
        },
        "includeMapped": false,
        "includeDescendants": false
      }]},
      "name": "ALP",
      "id": 6
    },
    {
    "expression": {"items": [{
        "isExcluded": false,
        "concept": {
          "INVALID_REASON_CAPTION": "Unknown",
          "CONCEPT_ID": 756349,
          "STANDARD_CONCEPT": "S",
          "CONCEPT_CODE": "161",
          "VOCABULARY_ID": "RxNorm",
          "CONCEPT_NAME": "flurazepam",
          "DOMAIN_ID": "Drug",
          "STANDARD_CONCEPT_CAPTION": "Standard",
          "CONCEPT_CLASS_ID": "Ingredient",
          "INVALID_REASON": ""
        },
        "includeMapped": false,
        "includeDescendants": false
      }]},
      "name": "flurazepam",
      "id": 7
    }
  ],
  "EndStrategy": {"DateOffset": {
    "DateField": "StartDate",
    "Offset": 7
  }},
  "cdmVersionRange": ">=5.0.0",
  "CensoringCriteria": [],
  "QualifiedLimit": {"Type": "First"},
  "InclusionRules": [
    {
      "expression": {
        "CriteriaList": [
          {
            "RestrictVisit": false,
            "StartWindow": {
              "UseEventEnd": false,
              "Start": {
                "Days": 60,
                "Coeff": -1
              },
              "End": {
                "Days": 0,
                "Coeff": 1
              },
              "UseIndexEnd": false
            },
            "IgnoreObservationPeriod": false,
            "EndWindow": null,
            "Criteria": {"Measurement": {
              "Operator": null,
              "RangeHigh": null,
              "MeasurementTypeExclude": false,
              "ValueAsConcept": null,
              "CorrelatedCriteria": null,
              "RangeHighRatio": null,
              "CodesetId": 3,
              "ProviderSpecialty": null,
              "Gender": null,
              "Unit": null,
              "RangeLowRatio": null,
              "MeasurementType": null,
              "MeasurementSourceConcept": null,
              "VisitType": null,
              "ValueAsNumber": null,
              "First": null,
              "OccurrenceStartDate": null,
              "RangeLow": null,
              "Abnormal": null,
              "Age": null
            }},
            "Occurrence": {
              "Type": 2,
              "CountColumn": null,
              "IsDistinct": false,
              "Count": 1
            }
          },
          {
            "RestrictVisit": false,
            "StartWindow": {
              "UseEventEnd": false,
              "Start": {
                "Days": 60,
                "Coeff": -1
              },
              "End": {
                "Days": 0,
                "Coeff": 1
              },
              "UseIndexEnd": false
            },
            "IgnoreObservationPeriod": false,
            "EndWindow": null,
            "Criteria": {"Measurement": {
              "Operator": null,
              "RangeHigh": null,
              "MeasurementTypeExclude": false,
              "ValueAsConcept": null,
              "CorrelatedCriteria": null,
              "RangeHighRatio": null,
              "CodesetId": 4,
              "ProviderSpecialty": null,
              "Gender": null,
              "Unit": null,
              "RangeLowRatio": null,
              "MeasurementType": null,
              "MeasurementSourceConcept": null,
              "VisitType": null,
              "ValueAsNumber": null,
              "First": null,
              "OccurrenceStartDate": null,
              "RangeLow": null,
              "Abnormal": null,
              "Age": null
            }},
            "Occurrence": {
              "Type": 2,
              "CountColumn": null,
              "IsDistinct": false,
              "Count": 1
            }
          },
          {
            "RestrictVisit": false,
            "StartWindow": {
              "UseEventEnd": false,
              "Start": {
                "Days": 60,
                "Coeff": -1
              },
              "End": {
                "Days": 0,
                "Coeff": 1
              },
              "UseIndexEnd": false
            },
            "IgnoreObservationPeriod": false,
            "EndWindow": null,
            "Criteria": {"Measurement": {
              "Operator": null,
              "RangeHigh": null,
              "MeasurementTypeExclude": false,
              "ValueAsConcept": null,
              "CorrelatedCriteria": null,
              "RangeHighRatio": null,
              "CodesetId": 5,
              "ProviderSpecialty": null,
              "Gender": null,
              "Unit": null,
              "RangeLowRatio": null,
              "MeasurementType": null,
              "MeasurementSourceConcept": null,
              "VisitType": null,
              "ValueAsNumber": null,
              "First": null,
              "OccurrenceStartDate": null,
              "RangeLow": null,
              "Abnormal": null,
              "Age": null
            }},
            "Occurrence": {
              "Type": 2,
              "CountColumn": null,
              "IsDistinct": false,
              "Count": 1
            }
          },
          {
            "RestrictVisit": false,
            "StartWindow": {
              "UseEventEnd": false,
              "Start": {
                "Days": 60,
                "Coeff": -1
              },
              "End": {
                "Days": 0,
                "Coeff": 1
              },
              "UseIndexEnd": false
            },
            "IgnoreObservationPeriod": false,
            "EndWindow": null,
            "Criteria": {"Measurement": {
              "Operator": null,
              "RangeHigh": null,
              "MeasurementTypeExclude": false,
              "ValueAsConcept": null,
              "CorrelatedCriteria": null,
              "RangeHighRatio": null,
              "CodesetId": 6,
              "ProviderSpecialty": null,
              "Gender": null,
              "Unit": null,
              "RangeLowRatio": null,
              "MeasurementType": null,
              "MeasurementSourceConcept": null,
              "VisitType": null,
              "ValueAsNumber": null,
              "First": null,
              "OccurrenceStartDate": null,
              "RangeLow": null,
              "Abnormal": null,
              "Age": null
            }},
            "Occurrence": {
              "Type": 2,
              "CountColumn": null,
              "IsDistinct": false,
              "Count": 1
            }
          }
        ],
        "Type": "AT_LEAST",
        "DemographicCriteriaList": [],
        "Groups": [],
        "Count": 2
      },
      "name": "Previous liver function test measures",
      "description": null
    },
    {
      "expression": {
        "CriteriaList": [
          {
            "RestrictVisit": false,
            "StartWindow": {
              "UseEventEnd": false,
              "Start": {
                "Days": 60,
                "Coeff": -1
              },
              "End": {
                "Days": 0,
                "Coeff": 1
              },
              "UseIndexEnd": false
            },
            "IgnoreObservationPeriod": false,
            "EndWindow": null,
            "Criteria": {"Measurement": {
              "Operator": null,
              "RangeHigh": null,
              "MeasurementTypeExclude": false,
              "ValueAsConcept": null,
              "CorrelatedCriteria": null,
              "RangeHighRatio": {
                "Op": "gt",
                "Extent": null,
                "Value": 1
              },
              "CodesetId": 3,
              "ProviderSpecialty": null,
              "Gender": null,
              "Unit": null,
              "RangeLowRatio": null,
              "MeasurementType": null,
              "MeasurementSourceConcept": null,
              "VisitType": null,
              "ValueAsNumber": null,
              "First": null,
              "OccurrenceStartDate": null,
              "RangeLow": null,
              "Abnormal": null,
              "Age": null
            }},
            "Occurrence": {
              "Type": 1,
              "CountColumn": null,
              "IsDistinct": false,
              "Count": 0
            }
          },
          {
            "RestrictVisit": false,
            "StartWindow": {
              "UseEventEnd": false,
              "Start": {
                "Days": 60,
                "Coeff": -1
              },
              "End": {
                "Days": 0,
                "Coeff": 1
              },
              "UseIndexEnd": false
            },
            "IgnoreObservationPeriod": false,
            "EndWindow": null,
            "Criteria": {"Measurement": {
              "Operator": null,
              "RangeHigh": null,
              "MeasurementTypeExclude": false,
              "ValueAsConcept": null,
              "CorrelatedCriteria": null,
              "RangeHighRatio": {
                "Op": "gt",
                "Extent": null,
                "Value": 1
              },
              "CodesetId": 4,
              "ProviderSpecialty": null,
              "Gender": null,
              "Unit": null,
              "RangeLowRatio": null,
              "MeasurementType": null,
              "MeasurementSourceConcept": null,
              "VisitType": null,
              "ValueAsNumber": null,
              "First": null,
              "OccurrenceStartDate": null,
              "RangeLow": null,
              "Abnormal": null,
              "Age": null
            }},
            "Occurrence": {
              "Type": 1,
              "CountColumn": null,
              "IsDistinct": false,
              "Count": 0
            }
          },
          {
            "RestrictVisit": false,
            "StartWindow": {
              "UseEventEnd": false,
              "Start": {
                "Days": 60,
                "Coeff": -1
              },
              "End": {
                "Days": 0,
                "Coeff": 1
              },
              "UseIndexEnd": false
            },
            "IgnoreObservationPeriod": false,
            "EndWindow": null,
            "Criteria": {"Measurement": {
              "Operator": null,
              "RangeHigh": null,
              "MeasurementTypeExclude": false,
              "ValueAsConcept": null,
              "CorrelatedCriteria": null,
              "RangeHighRatio": {
                "Op": "gt",
                "Extent": null,
                "Value": 1
              },
              "CodesetId": 6,
              "ProviderSpecialty": null,
              "Gender": null,
              "Unit": null,
              "RangeLowRatio": null,
              "MeasurementType": null,
              "MeasurementSourceConcept": null,
              "VisitType": null,
              "ValueAsNumber": null,
              "First": null,
              "OccurrenceStartDate": null,
              "RangeLow": null,
              "Abnormal": null,
              "Age": null
            }},
            "Occurrence": {
              "Type": 1,
              "CountColumn": null,
              "IsDistinct": false,
              "Count": 0
            }
          },
          {
            "RestrictVisit": false,
            "StartWindow": {
              "UseEventEnd": false,
              "Start": {
                "Days": 60,
                "Coeff": -1
              },
              "End": {
                "Days": 0,
                "Coeff": 1
              },
              "UseIndexEnd": false
            },
            "IgnoreObservationPeriod": false,
            "EndWindow": null,
            "Criteria": {"Measurement": {
              "Operator": null,
              "RangeHigh": null,
              "MeasurementTypeExclude": false,
              "ValueAsConcept": null,
              "CorrelatedCriteria": null,
              "RangeHighRatio": {
                "Op": "gt",
                "Extent": null,
                "Value": 1
              },
              "CodesetId": 5,
              "ProviderSpecialty": null,
              "Gender": null,
              "Unit": null,
              "RangeLowRatio": null,
              "MeasurementType": null,
              "MeasurementSourceConcept": null,
              "VisitType": null,
              "ValueAsNumber": null,
              "First": null,
              "OccurrenceStartDate": null,
              "RangeLow": null,
              "Abnormal": null,
              "Age": null
            }},
            "Occurrence": {
              "Type": 1,
              "CountColumn": null,
              "IsDistinct": false,
              "Count": 0
            }
          }
        ],
        "Type": "ALL",
        "DemographicCriteriaList": [],
        "Groups": [],
        "Count": null
      },
      "name": "Without abnormal LFT",
      "description": null
    }
  ],
  "PrimaryCriteria": {
    "CriteriaList": [{"DrugEra": {
      "EraStartDate": null,
      "CorrelatedCriteria": null,
      "OccurrenceCount": null,
      "AgeAtStart": null,
      "GapDays": null,
      "CodesetId": 7,
      "AgeAtEnd": null,
      "First": null,
      "Gender": null,
      "EraLength": null,
      "EraEndDate": null
    }}],
    "PrimaryCriteriaLimit": {"Type": "All"},
    "ObservationWindow": {
      "PostDays": 0,
      "PriorDays": 60
    }
  }
}
